"","Anio","Bloque","X_UTM","Y_UTM","Altitud","Inc","Sevmed","LonBrot","Afmed","CA","RA","Color"
"1",2016,"Alta",605747.8559,2181069.77,2979.3,0.9,0.150333333,7.25,0.239366667,25.25252525,74.74747475,1
"2",2016,"Alta",605744.2655,2181056.689,2979.3,1,0.331,12.9,0.374486667,1.526717557,98.47328244,1
"3",2016,"Alta",605740.1774,2181039.178,2979.5,0.766666667,0.346666667,5.1,0.196066667,2.816901408,97.18309859,1
"4",2016,"Alta",605754.4645,2181033.508,2980,1,0.351,3.9,0.3699,15.38461538,84.61538462,1
"5",2016,"Alta",605742.3524,2181025.91,2984.3,1,0.383666667,9.25,0.362433333,16.94915254,83.05084746,1
"6",2016,"Alta",605727.7112,2181020.621,2992.3,1,0.248666667,5,0.225366667,17.44186047,82.55813953,1
"7",2016,"Alta",605724.2519,2181003.114,2990.8,1,0.403333333,6.8,0.254933333,4.225352113,95.77464789,1
"8",2016,"Alta",605737.9319,2180993.788,2991,0.933333333,0.412666667,4.5,0.316033333,10.20408163,89.79591837,1
"9",2016,"Alta",605724.6902,2180999.907,2991.2,1,0.330666667,7.7,0.324533333,4.166666667,95.83333333,1
"10",2016,"Alta",605721.5199,2181004.316,2990.9,1,0.289,9.55,0.4083,14.01869159,85.98130841,1
"11",2016,"Alta",605723.5856,2181009.419,2991.1,1,0.191333333,9.3,0.281733333,4.807692308,95.19230769,2
"12",2016,"Alta",605723.5343,2181018.051,2992.4,1,0.135333333,6.7,0.271733333,2.912621359,97.08737864,2
"13",2016,"Alta",605720.3726,2181021.02,2993.1,0.933333333,0.28,5.5,0.2375,4.819277108,95.18072289,3
"14",2016,"Alta",605728.6395,2181040.769,2979.2,1,0.382666667,4.8,0.2357,9.090909091,90.90909091,1
"15",2016,"Alta",605750.3759,2181086.607,2973.2,1,0.593666667,10.25,0.314733333,64.66165414,35.33834586,1
"16",2016,"Alta",605752.4903,2181083.521,2973.3,0.233333333,0.003,12.65,0.2792,9.278350515,90.72164948,1
"17",2016,"Alta",605758.8875,2181065.187,2978.5,0.733333333,0.019333333,8.5,0.244,4.672897196,95.3271028,1
"18",2016,"Alta",605746.3904,2181051.832,2979.5,1,0.273666667,14.4,0.286466667,32,68,1
"19",2016,"Media",605743.3129,2181040.635,2980.2,1,0.122333333,7.9,0.3537,17.34693878,82.65306122,1
"20",2016,"Media",605734.9078,2181044.127,2980.2,1,0.199666667,8.5,0.381133333,6.666666667,93.33333333,2
"21",2016,"Media",605734.3542,2181049.104,2979.7,0.133333333,0.000333333,7.4,0.1965,8.928571429,91.07142857,1
"22",2016,"Media",605734.3628,2181047.665,2979.8,0.966666667,0.164333333,9.766666667,0.439566667,1.652892562,98.34710744,1
"23",2016,"Media",605740.8457,2181032.541,2979.4,0.966666667,0.159,8.6,0.330333333,2.654867257,97.34513274,2
"24",2016,"Media",605727.6192,2181036.115,2979.4,0.566666667,0.009333333,11.2,0.48,1.818181818,98.18181818,2
"25",2016,"Media",605728.681,2181033.797,2978.5,0.966666667,0.163666667,7.75,0.349,5.825242718,94.17475728,2
"26",2016,"Media",605734.5193,2181021.326,2992.1,1,0.339333333,8,0.375866667,9.411764706,90.58823529,1
"27",2016,"Media",605741.3662,2181015.501,2992.9,1,0.332666667,6.75,0.3568,3.191489362,96.80851064,2
"28",2016,"Media",605726.7336,2181008.773,2973.5,1,0.257666667,7.9,0.3121,13.48314607,86.51685393,1
"29",2016,"Media",605721.5238,2181003.652,2990.9,1,0.091333333,10.5,0.389966667,6.666666667,93.33333333,1
"30",2016,"Media",605715.2595,2180999.63,2990.6,0.866666667,0.078666667,8.5,0.310033333,14.77272727,85.22727273,1
"31",2016,"Media",605712.1161,2180999.501,2973.4,1,0.345333333,9.25,0.3469,4.347826087,95.65217391,1
"32",2016,"Media",605712.1003,2181002.157,2991.1,1,0.264666667,8.5,0.343966667,5.555555556,94.44444444,2
"33",2016,"Media",605709.9215,2181016.089,2991.4,1,0.331666667,9.5,0.276366667,22.05882353,77.94117647,1
"34",2016,"Media",605719.3568,2181015.591,2991.8,0.966666667,0.322666667,8.4,0.232142857,5.303030303,94.6969697,1
"35",2016,"Media",605725.683,2181009.21,2992.5,1,0.339333333,8.1,0.2291,13.86138614,86.13861386,1
"36",2016,"Media",605728.1738,2181013.32,2992.4,1,0.619,8.9,0.299566667,6.015037594,93.98496241,1
"37",2016,"Baja",605744.4102,2181032.341,2975.7,1,0.267333333,4.95,0.271433333,7.142857143,92.85714286,2
"38",2016,"Baja",605740.8141,2181037.854,2980.1,1,0.189666667,19.2,0.4326,25.67567568,74.32432432,2
"39",2016,"Baja",605740.1866,2181037.629,2979.6,0.9,0.128333333,6.5,0.476333333,23.72881356,76.27118644,1
"40",2016,"Baja",605738.0893,2181037.837,2979.8,0.833333333,0.333,4.2,0.236466667,16.66666667,83.33333333,1
"41",2016,"Baja",605731.7927,2181039.239,2979,1,0.177666667,6.1,0.209333333,7.142857143,92.85714286,2
"42",2016,"Baja",605731.3312,2181028.722,2978.7,0.933333333,0.325,9.5,0.333933333,19.31818182,80.68181818,1
"43",2016,"Baja",605734.5002,2181024.535,2994.3,1,0.199,6.8,0.267266667,6.730769231,93.26923077,1
"44",2016,"Baja",605724.5153,2181029.346,2993.3,1,0.309666667,6.05,0.2572,4.87804878,95.12195122,2
"45",2016,"Baja",605728.7053,2181029.703,2974.3,1,0.244666667,10.2,0.3755,1.785714286,98.21428571,1
"46",2016,"Baja",605741.3313,2181021.366,2994.3,1,0.354666667,16.3,0.454933333,7.36196319,92.63803681,1
"47",2016,"Baja",605757.8895,2181056.77,2980,1,0.491333333,8.8,0.3743,5.681818182,94.31818182,2
"48",2016,"Baja",605732.9572,2181019.656,2992.2,1,0.543333333,8.8,0.276033333,14.28571429,85.71428571,1
"49",2016,"Baja",605732.8355,2181040.13,2979.8,1,0.24,9.1,0.350966667,6.12244898,93.87755102,2
"50",2016,"Baja",605717.8098,2181011.377,2991.9,1,0.079666667,5.45,0.352866667,4.255319149,95.74468085,2
"51",2016,"Baja",605717.9203,2180992.784,2990.9,1,0.547,9.55,0.411633333,13.13131313,86.86868687,1
"52",2016,"Baja",605727.9204,2180985.428,2990.7,1,0.529666667,6.8,0.260366667,10.97560976,89.02439024,1
"53",2016,"Baja",605731.0032,2180995.739,2990.9,1,0.154666667,10.4,0.391733333,20.83333333,79.16666667,1
"54",2016,"Baja",605707.4543,2181007.995,2991,1,0.441666667,9.5,0.369766667,15.17857143,84.82142857,1
"55",2017,"Alta",605747.8559,2181069.77,2979.3,0.066666667,0,7.2,0.265766667,0,100,2
"56",2017,"Alta",605744.2655,2181056.689,2979.3,0.066666667,0,4.8,0.132203333,0,100,1
"57",2017,"Alta",605740.1774,2181039.178,2979.5,0,0,8.2,0.293633333,0,100,2
"58",2017,"Alta",605754.4645,2181033.508,2980,0.066666667,0.000666667,7.5,0.223333333,1.666666667,98.33333333,2
"59",2017,"Alta",605742.3524,2181025.91,2984.3,0.066666667,0.005,9.95,0.3888,1.086956522,98.91304348,2
"60",2017,"Alta",605727.7112,2181020.621,2992.3,0.033333333,0,7.1,0.338833333,1.941747573,98.05825243,2
"61",2017,"Alta",605724.2519,2181003.114,2990.8,0.1,0.001,5.5,0.167866667,1.315789474,98.68421053,2
"62",2017,"Alta",605737.9319,2180993.788,2991,0,0,10,0.335833333,0,100,2
"63",2017,"Alta",605724.6902,2180999.907,2991.2,0.1,0,11.6,0.320833333,1.515151515,98.48484848,2
"64",2017,"Alta",605721.5199,2181004.316,2990.9,0,0,10.25,0.330333333,1.333333333,98.66666667,2
"65",2017,"Alta",605723.5856,2181009.419,2991.1,0,0,9.1,0.261133333,0,100,2
"66",2017,"Alta",605723.5343,2181018.051,2992.4,0.133333333,0.001,8.5,0.330733333,0,100,2
"67",2017,"Alta",605720.3726,2181021.02,2993.1,0,0,4.9,0.182333333,0,100,2
"68",2017,"Alta",605728.6395,2181040.769,2979.2,0.166666667,0.001333333,7.4,0.227366667,0.8,99.2,2
"69",2017,"Alta",605750.3759,2181086.607,2973.2,0,0,7.3,0.269833333,0,100,2
"70",2017,"Alta",605752.4903,2181083.521,2973.3,0,0,13.45,0.3572,3.658536585,96.34146341,1
"71",2017,"Alta",605758.8875,2181065.187,2978.5,0,0,5,0.2814,0,100,1
"72",2017,"Alta",605746.3904,2181051.832,2979.5,0.133333333,0.000666667,12.5,0.2724,19.01408451,80.98591549,2
"73",2017,"Media",605743.3129,2181040.635,2980.2,0.033333333,0,11.2,0.32883,0,100,2
"74",2017,"Media",605734.9078,2181044.127,2980.2,0,0,12.3,0.308233333,0,100,2
"75",2017,"Media",605734.3542,2181049.104,2979.7,0,0,7.2,0.2871,1.149425287,98.85057471,1
"76",2017,"Media",605734.3628,2181047.665,2979.8,0.033333333,0,10.56666667,0.3593,0.854700855,99.14529915,2
"77",2017,"Media",605740.8457,2181032.541,2979.4,0,0,5.75,0.343033333,1.176470588,98.82352941,2
"78",2017,"Media",605727.6192,2181036.115,2979.4,0,0,10,0.349033333,0,100,2
"79",2017,"Media",605728.681,2181033.797,2978.5,0.033333333,0,8.35,0.283066667,0.840336134,99.15966387,2
"80",2017,"Media",605734.5193,2181021.326,2992.1,0.233333333,0.002666667,7.25,0.2783,0.952380952,99.04761905,2
"81",2017,"Media",605741.3662,2181015.501,2992.9,0.033333333,0,6.85,0.2718,0,100,2
"82",2017,"Media",605726.7336,2181008.773,2973.5,0.066666667,0,8.9,0.257766667,1.680672269,98.31932773,2
"83",2017,"Media",605721.5238,2181003.652,2990.9,0.066666667,0.000333333,11.4,0.2299,0,100,2
"84",2017,"Media",605715.2595,2180999.63,2990.6,0.2,0.000333333,9,0.276066667,0,100,2
"85",2017,"Media",605712.1161,2180999.501,2973.4,0,0,8.9,0.361433333,1.639344262,98.36065574,2
"86",2017,"Media",605712.1003,2181002.157,2991.1,0,0,8.5,0.2827,0.757575758,99.24242424,2
"87",2017,"Media",605709.9215,2181016.089,2991.4,0.1,0.000333333,9.4,0.2314,0.649350649,99.35064935,2
"88",2017,"Media",605719.3568,2181015.591,2991.8,0,0,6.6,0.249433333,0,100,2
"89",2017,"Media",605725.683,2181009.21,2992.5,0.033333333,0,8.4,0.2302,0,100,2
"90",2017,"Media",605728.1738,2181013.32,2992.4,1,0.021,6.4,0.300066667,0,100,2
"91",2017,"Baja",605744.4102,2181032.341,2975.7,0.166666667,0.000333333,6.05,0.241633333,0,100,2
"92",2017,"Baja",605740.8141,2181037.854,2980.1,0,0,15,0.516133333,3.816793893,96.18320611,2
"93",2017,"Baja",605740.1866,2181037.629,2979.6,0.033333333,0.011,11.4,0.335433333,6.481481481,93.51851852,2
"94",2017,"Baja",605738.0893,2181037.837,2979.8,0,0,10.25,0.3094,1.834862385,98.16513761,2
"95",2017,"Baja",605731.7927,2181039.239,2979,0.2,0.000666667,8.3,0.3225,0.917431193,99.08256881,2
"96",2017,"Baja",605731.3312,2181028.722,2978.7,0,0,12.2,0.260033333,0,100,2
"97",2017,"Baja",605734.5002,2181024.535,2994.3,0.066666667,0,9.8,0.368133333,1.379310345,98.62068966,2
"98",2017,"Baja",605724.5153,2181029.346,2993.3,0,0,7.1,0.302333333,0,100,2
"99",2017,"Baja",605728.7053,2181029.703,2974.3,0.166666667,0.000666667,10.3,0.361,1.526717557,98.47328244,2
"100",2017,"Baja",605741.3313,2181021.366,2994.3,0.166666667,0.013333333,23.4,0.414,1.081081081,98.91891892,2
"101",2017,"Baja",605757.8895,2181056.77,2980,0,0,6.9,0.270433333,0,100,2
"102",2017,"Baja",605732.9572,2181019.656,2992.2,0.066666667,0.001,10.5,0.290966667,1.342281879,98.65771812,2
"103",2017,"Baja",605732.8355,2181040.13,2979.8,0.133333333,0.002,8.55,0.3078,2.803738318,97.19626168,2
"104",2017,"Baja",605717.8098,2181011.377,2991.9,0,0,7.65,0.380533333,0,100,2
"105",2017,"Baja",605717.9203,2180992.784,2990.9,0.333333333,0.002333333,10.35,0.332933333,0.78125,99.21875,2
"106",2017,"Baja",605727.9204,2180985.428,2990.7,0,0,9.45,0.2751,0,100,2
"107",2017,"Baja",605731.0032,2180995.739,2990.9,0.066666667,0.000333333,11.3,0.342633333,3.75,96.25,2
"108",2017,"Baja",605707.4543,2181007.995,2991,0.533333333,0.007333333,13.55,0.4199,1.449275362,98.55072464,2
"109",2016,"Alta",605747.8559,2181069.77,2979.3,0.766666667,0.184666667,5,0.160233333,1.136363636,98.86363636,2
"110",2016,"Alta",605744.2655,2181056.689,2979.3,0.6,0.269333333,4.9,0.174766667,9.523809524,90.47619048,2
"111",2016,"Alta",605740.1774,2181039.178,2979.5,0.966666667,0.275666667,5.7,0.2586,17.44186047,82.55813953,2
"112",2016,"Alta",605754.4645,2181033.508,2980,0.966666667,0.136666667,11.4,0.378033333,12.5,87.5,2
"113",2016,"Alta",605742.3524,2181025.91,2984.3,0.966666667,0.157,9.5,0.310833333,32.78688525,67.21311475,2
"114",2016,"Alta",605727.7112,2181020.621,2992.3,0.5,0.081,9.5,0.247433333,13.68421053,86.31578947,1
"115",2016,"Alta",605724.2519,2181003.114,2990.8,0.9,0.199333333,6,0.223466667,2.777777778,97.22222222,1
"116",2016,"Alta",605737.9319,2180993.788,2991,0.9,0.298333333,5.6,0.355666667,7.692307692,92.30769231,2
"117",2016,"Alta",605724.6902,2180999.907,2991.2,0.866666667,0.222666667,10.3,0.351866667,11.66666667,88.33333333,2
"118",2016,"Alta",605721.5199,2181004.316,2990.9,0.6,0.057333333,8,0.372733333,4.166666667,95.83333333,1
"119",2016,"Alta",605723.5856,2181009.419,2991.1,0.833333333,0.118,9,0.303333333,6.711409396,93.2885906,2
"120",2016,"Alta",605723.5343,2181018.051,2992.4,0.5,0.094,10,0.3008,4.026845638,95.97315436,1
"121",2016,"Alta",605720.3726,2181021.02,2993.1,0.9,0.109333333,6.5,0.303966667,7.865168539,92.13483146,2
"122",2016,"Alta",605728.6395,2181040.769,2979.2,0.133333333,0.021,7.5,0.363533333,12.67605634,87.32394366,1
"123",2016,"Alta",605750.3759,2181086.607,2973.2,0.833333333,0.373666667,7.6,0.2398,31.63265306,68.36734694,2
"124",2016,"Alta",605752.4903,2181083.521,2973.3,0,0,9.6,0.3182,10.56910569,89.43089431,1
"125",2016,"Alta",605758.8875,2181065.187,2978.5,0.5,0.171333333,8,0.288833333,0,100,2
"126",2016,"Alta",605746.3904,2181051.832,2979.5,0.733333333,0.180333333,8,0.312166667,59.61538462,40.38461538,3
"127",2016,"Media",605743.3129,2181040.635,2980.2,0.833333333,0.233,10.2,0.431466667,6.862745098,93.1372549,2
"128",2016,"Media",605734.9078,2181044.127,2980.2,0.866666667,0.198,8.9,0.3576,23.59550562,76.40449438,2
"129",2016,"Media",605734.3542,2181049.104,2979.7,0.233333333,0.065,9.7,0.3265,20,80,1
"130",2016,"Media",605734.3628,2181047.665,2979.8,0.533333333,0.075333333,11.7,0.4082,8.695652174,91.30434783,2
"131",2016,"Media",605740.8457,2181032.541,2979.4,0.933333333,0.223,7,0.191,13.40206186,86.59793814,1
"132",2016,"Media",605727.6192,2181036.115,2979.4,0.166666667,0.012666667,9.4,0.285333333,6.976744186,93.02325581,2
"133",2016,"Media",605728.681,2181033.797,2978.5,0.8,0.170666667,11,0.389333333,3.2,96.8,2
"134",2016,"Media",605734.5193,2181021.326,2992.1,0.233333333,0.033333333,9,0.349166667,4.761904762,95.23809524,1
"135",2016,"Media",605741.3662,2181015.501,2992.9,0.933333333,0.216,7.4,0.253566667,1.869158879,98.13084112,2
"136",2016,"Media",605726.7336,2181008.773,2973.5,0.033333333,0.002666667,8.6,0.362033333,7.954545455,92.04545455,3
"137",2016,"Media",605721.5238,2181003.652,2990.9,0.866666667,0.15,7.1,0.1912,3.125,96.875,2
"138",2016,"Media",605715.2595,2180999.63,2990.6,0.466666667,0.143333333,8.8,0.294733333,1.960784314,98.03921569,2
"139",2016,"Media",605712.1161,2180999.501,2973.4,0.933333333,0.136,6.5,0.454633333,7.01754386,92.98245614,2
"140",2016,"Media",605712.1003,2181002.157,2991.1,0.266666667,0.049666667,16.5,0.520366667,7.142857143,92.85714286,2
"141",2016,"Media",605709.9215,2181016.089,2991.4,0.7,0.143,9.6,0.316766667,1.851851852,98.14814815,2
"142",2016,"Media",605719.3568,2181015.591,2991.8,0.633333333,0.156666667,9.2,0.4303,17.58241758,82.41758242,2
"143",2016,"Media",605725.683,2181009.21,2992.5,0.8,0.177666667,11.3,0.327233333,20.3125,79.6875,2
"144",2016,"Media",605728.1738,2181013.32,2992.4,0.866666667,0.265333333,7.2,0.402366667,0,100,2
"145",2016,"Baja",605744.4102,2181032.341,2975.7,0.166666667,0.027,8.2,0.293433333,4.724409449,95.27559055,1
"146",2016,"Baja",605740.8141,2181037.854,2980.1,0.933333333,0.259666667,9.3,0.358,3.703703704,96.2962963,2
"147",2016,"Baja",605740.1866,2181037.629,2979.6,0.933333333,0.137666667,17.5,0.465533333,8.888888889,91.11111111,2
"148",2016,"Baja",605738.0893,2181037.837,2979.8,0.733333333,0.081,8.3,0.380033333,8.219178082,91.78082192,2
"149",2016,"Baja",605731.7927,2181039.239,2979,0.033333333,0.004,9.4,0.4808,3,97,1
"150",2016,"Baja",605731.3312,2181028.722,2978.7,0.966666667,0.336,8.5,0.2688,19.64285714,80.35714286,2
"151",2016,"Baja",605734.5002,2181024.535,2994.3,0.266666667,0.108,10,0.254833333,10.34482759,89.65517241,2
"152",2016,"Baja",605724.5153,2181029.346,2993.3,0.133333333,0.014666667,12.4,0.424166667,5.113636364,94.88636364,1
"153",2016,"Baja",605728.7053,2181029.703,2974.3,0.966666667,0.231333333,9.2,0.281066667,2.150537634,97.84946237,2
"154",2016,"Baja",605741.3313,2181021.366,2994.3,1,0.231,7.1,0.390866667,1.086956522,98.91304348,2
"155",2016,"Baja",605757.8895,2181056.77,2980,0.7,0.184666667,11.8,0.335233333,11.11111111,88.88888889,1
"156",2016,"Baja",605732.9572,2181019.656,2992.2,0.966666667,0.297,8.2,0.316433333,27.05882353,72.94117647,2
"157",2016,"Baja",605732.8355,2181040.13,2979.8,0.666666667,0.171,8.7,0.311533333,1.052631579,98.94736842,2
"158",2016,"Baja",605717.8098,2181011.377,2991.9,0.633333333,0.218,8.3,0.3427,5,95,2
"159",2016,"Baja",605717.9203,2180992.784,2990.9,0.833333333,0.206666667,9.9,0.416066667,27.27272727,72.72727273,1
"160",2016,"Baja",605727.9204,2180985.428,2990.7,0.733333333,0.22,10.9,0.360266667,33.33333333,66.66666667,2
"161",2016,"Baja",605731.0032,2180995.739,2990.9,0.3,0.102666667,10.7,0.3883,22,78,1
"162",2016,"Baja",605707.4543,2181007.995,2991,0.966666667,0.123666667,12.7,0.3906,10.2739726,89.7260274,2
"163",2017,"Alta",605747.8559,2181069.77,2979.3,0,0,4.6,0.218433333,0,100,1
"164",2017,"Alta",605744.2655,2181056.689,2979.3,0,0,3.9,0.150833333,0,100,1
"165",2017,"Alta",605740.1774,2181039.178,2979.5,0,0,8,0.3172,0,100,1
"166",2017,"Alta",605754.4645,2181033.508,2980,0.2,0.032666667,8.7,0.319133333,0,100,1
"167",2017,"Alta",605742.3524,2181025.91,2984.3,0,0,8.8,0.299366667,36.58536585,63.41463415,1
"168",2017,"Alta",605727.7112,2181020.621,2992.3,0,0,10,0.278733333,0,100,1
"169",2017,"Alta",605724.2519,2181003.114,2990.8,0,0,6.5,0.228466667,0,100,1
"170",2017,"Alta",605737.9319,2180993.788,2991,0,0,8.7,0.345066667,0,100,1
"171",2017,"Alta",605724.6902,2180999.907,2991.2,0,0,11.3,0.278466667,0,100,1
"172",2017,"Alta",605721.5199,2181004.316,2990.9,0,0,9.2,0.355366667,0,100,1
"173",2017,"Alta",605723.5856,2181009.419,2991.1,0,0,7.5,0.285533333,0.925925926,99.07407407,1
"174",2017,"Alta",605723.5343,2181018.051,2992.4,0,0,6,0.293833333,0,100,1
"175",2017,"Alta",605720.3726,2181021.02,2993.1,0,0,7,0.2006,0,100,1
"176",2017,"Alta",605728.6395,2181040.769,2979.2,0,0,8.5,0.2864,0,100,1
"177",2017,"Alta",605750.3759,2181086.607,2973.2,0,0,6.1,0.237866667,0,100,1
"178",2017,"Alta",605752.4903,2181083.521,2973.3,0,0,5.9,0.267633333,2.777777778,97.22222222,1
"179",2017,"Alta",605758.8875,2181065.187,2978.5,0,0,8.4,0.284066667,0,100,1
"180",2017,"Alta",605746.3904,2181051.832,2979.5,0,0,6.2,0.2581,0,100,1
"181",2017,"Media",605743.3129,2181040.635,2980.2,0,0,11.5,0.334166667,0.740740741,99.25925926,1
"182",2017,"Media",605734.9078,2181044.127,2980.2,0,0,9.6,0.3025,0.769230769,99.23076923,1
"183",2017,"Media",605734.3542,2181049.104,2979.7,0,0,7.4,0.380433333,0,100,1
"184",2017,"Media",605734.3628,2181047.665,2979.8,0,0,8.2,0.334,0,100,1
"185",2017,"Media",605740.8457,2181032.541,2979.4,0,0,5.6,0.223333333,0,100,1
"186",2017,"Media",605727.6192,2181036.115,2979.4,0,0,10.5,0.373666667,0,100,1
"187",2017,"Media",605728.681,2181033.797,2978.5,0,0,9.1,0.313133333,0,100,1
"188",2017,"Media",605734.5193,2181021.326,2992.1,0,0,5.1,0.242966667,0,100,1
"189",2017,"Media",605741.3662,2181015.501,2992.9,0,0,6.2,0.3095,0,100,1
"190",2017,"Media",605726.7336,2181008.773,2973.5,0,0,12.3,0.4382,0,100,1
"191",2017,"Media",605721.5238,2181003.652,2990.9,0,0,8.5,0.2994,0,100,1
"192",2017,"Media",605715.2595,2180999.63,2990.6,0,0,9.7,0.2725,0,100,1
"193",2017,"Media",605712.1161,2180999.501,2973.4,0,0,10.2,0.379033333,0,100,2
"194",2017,"Media",605712.1003,2181002.157,2991.1,0,0,17.2,0.453766667,0,100,2
"195",2017,"Media",605709.9215,2181016.089,2991.4,0,0,11.3,0.2805,0,100,1
"196",2017,"Media",605719.3568,2181015.591,2991.8,0,0,8.7,0.2659,1.388888889,98.61111111,1
"197",2017,"Media",605725.683,2181009.21,2992.5,0,0,10.1,0.290533333,1.265822785,98.73417722,2
"198",2017,"Media",605728.1738,2181013.32,2992.4,0,0,6.5,0.249566667,0,100,1
"199",2017,"Baja",605744.4102,2181032.341,2975.7,0,0,10.2,0.363133333,0,100,1
"200",2017,"Baja",605740.8141,2181037.854,2980.1,0,0,7.7,0.283666667,1.785714286,98.21428571,1
"201",2017,"Baja",605740.1866,2181037.629,2979.6,0,0,13.9,0.3874,0,100,1
"202",2017,"Baja",605738.0893,2181037.837,2979.8,0,0,12,0.3582,0,100,1
"203",2017,"Baja",605731.7927,2181039.239,2979,0,0,8.5,0.4343,1.063829787,98.93617021,1
"204",2017,"Baja",605731.3312,2181028.722,2978.7,0,0,8.5,0.350366667,0,100,1
"205",2017,"Baja",605734.5002,2181024.535,2994.3,0,0,8.9,0.463133333,0,100,1
"206",2017,"Baja",605724.5153,2181029.346,2993.3,0,0,7.6,0.439433333,0,100,1
"207",2017,"Baja",605728.7053,2181029.703,2974.3,0,0,10.3,0.358066667,0,100,1
"208",2017,"Baja",605741.3313,2181021.366,2994.3,0,0,10.1,0.311366667,0,100,1
"209",2017,"Baja",605757.8895,2181056.77,2980,0,0,6.6,0.249333333,1.818181818,98.18181818,1
"210",2017,"Baja",605732.9572,2181019.656,2992.2,0,0,5,0.185366667,0,100,1
"211",2017,"Baja",605732.8355,2181040.13,2979.8,0,0,9,0.2322,0,100,1
"212",2017,"Baja",605717.8098,2181011.377,2991.9,0,0,7.5,0.2367,0,100,1
"213",2017,"Baja",605717.9203,2180992.784,2990.9,0,0,17.7,0.350266667,0,100,1
"214",2017,"Baja",605727.9204,2180985.428,2990.7,0,0,15.2,0.346133333,0,100,1
"215",2017,"Baja",605731.0032,2180995.739,2990.9,0,0,11.2,0.3622,0,100,1
"216",2017,"Baja",605707.4543,2181007.995,2991,0,0,8.8,0.263833333,0,100,1
"217",2016,"Alta",605747.8559,2181069.77,2979.3,0.8,0.213,5,0.1323,38,62,1
"218",2016,"Alta",605744.2655,2181056.689,2979.3,1,0.376333333,4.9,0.244933333,11.9266055,88.0733945,2
"219",2016,"Alta",605740.1774,2181039.178,2979.5,1,0.576333333,5.7,0.292466667,1.063829787,98.93617021,2
"220",2016,"Alta",605754.4645,2181033.508,2980,1,0.499,11.4,0.411533333,10.23622047,89.76377953,2
"221",2016,"Alta",605742.3524,2181025.91,2984.3,1,0.615333333,9.5,0.3546,3.603603604,96.3963964,2
"222",2016,"Alta",605727.7112,2181020.621,2992.3,1,0.240666667,9.5,0.226433333,17.64705882,82.35294118,2
"223",2016,"Alta",605724.2519,2181003.114,2990.8,1,0.428666667,6,0.360766667,1.515151515,98.48484848,2
"224",2016,"Alta",605737.9319,2180993.788,2991,1,0.326333333,5.6,0.338766667,5.952380952,94.04761905,2
"225",2016,"Alta",605724.6902,2180999.907,2991.2,0.966666667,0.355,10.3,0.2542,9.259259259,90.74074074,2
"226",2016,"Alta",605721.5199,2181004.316,2990.9,1,0.289,8,0.356933333,3.883495146,96.11650485,1
"227",2016,"Alta",605723.5856,2181009.419,2991.1,1,0.412,9,0.201533333,8.633093525,91.36690647,2
"228",2016,"Alta",605723.5343,2181018.051,2992.4,1,0.372333333,10,0.315666667,15.58441558,84.41558442,2
"229",2016,"Alta",605720.3726,2181021.02,2993.1,1,0.422,6.5,0.248466667,3.260869565,96.73913043,2
"230",2016,"Alta",605728.6395,2181040.769,2979.2,1,0.265333333,7.5,0.175,18.8976378,81.1023622,2
"231",2016,"Alta",605750.3759,2181086.607,2973.2,1,0.467666667,7.6,0.297433333,26.59574468,73.40425532,2
"232",2016,"Alta",605752.4903,2181083.521,2973.3,0.6,0.046333333,9.6,0.273,4.464285714,95.53571429,1
"233",2016,"Alta",605758.8875,2181065.187,2978.5,1,0.577,8,0.321266667,7.142857143,92.85714286,2
"234",2016,"Alta",605746.3904,2181051.832,2979.5,1,0.389333333,8,0.313166667,9.166666667,90.83333333,2
"235",2016,"Media",605743.3129,2181040.635,2980.2,1,0.347666667,10.2,0.423433333,7.874015748,92.12598425,2
"236",2016,"Media",605734.9078,2181044.127,2980.2,1,0.425666667,8.9,0.462033333,6.666666667,93.33333333,2
"237",2016,"Media",605734.3542,2181049.104,2979.7,1,0.236666667,9.7,0.325933333,0.833333333,99.16666667,2
"238",2016,"Media",605734.3628,2181047.665,2979.8,1,0.331,11.7,0.505666667,7.317073171,92.68292683,3
"239",2016,"Media",605740.8457,2181032.541,2979.4,1,0.502333333,7,0.377466667,7,93,2
"240",2016,"Media",605727.6192,2181036.115,2979.4,0.433333333,0.02,9.4,0.3677,26.27118644,73.72881356,2
"241",2016,"Media",605728.681,2181033.797,2978.5,0.833333333,0.202333333,11,0.280166667,8.737864078,91.26213592,2
"242",2016,"Media",605734.5193,2181021.326,2992.1,1,0.361,9,0.303233333,2,98,2
"243",2016,"Media",605741.3662,2181015.501,2992.9,1,0.429,7.4,0.2966,5.555555556,94.44444444,2
"245",2016,"Media",605721.5238,2181003.652,2990.9,1,0.348666667,8.6,0.298433333,5.555555556,94.44444444,2
"246",2016,"Media",605715.2595,2180999.63,2990.6,0.9,0.448666667,7.1,0.2999,11.21495327,88.78504673,2
"247",2016,"Media",605712.1161,2180999.501,2973.4,0.966666667,0.224333333,8.8,0.284566667,22.05882353,77.94117647,2
"248",2016,"Media",605712.1003,2181002.157,2991.1,0.966666667,0.146,6.5,0.334933333,13.66906475,86.33093525,1
"249",2016,"Media",605709.9215,2181016.089,2991.4,1,0.476666667,16.5,0.257633333,14,86,2
"250",2016,"Media",605719.3568,2181015.591,2991.8,0.933333333,0.244666667,9.6,0.274,1.886792453,98.11320755,2
"251",2016,"Media",605725.683,2181009.21,2992.5,1,0.442666667,9.2,0.344966667,17.70833333,82.29166667,2
"252",2016,"Media",605728.1738,2181013.32,2992.4,1,0.499666667,11.3,0.343966667,21.05263158,78.94736842,2
"253",2016,"Baja",605744.4102,2181032.341,2975.7,0.4,0.072,7.2,0.2632,1.986754967,98.01324503,2
"254",2016,"Baja",605740.8141,2181037.854,2980.1,1,0.564,8.2,0.339133333,0,100,2
"255",2016,"Baja",605740.1866,2181037.629,2979.6,0.966666667,0.326,9.3,0.234166667,0,100,2
"256",2016,"Baja",605738.0893,2181037.837,2979.8,0.833333333,0.160333333,17.5,0.2977,3.669724771,96.33027523,2
"257",2016,"Baja",605731.7927,2181039.239,2979,1,0.073666667,8.3,0.328766667,8.474576271,91.52542373,1
"258",2016,"Baja",605731.3312,2181028.722,2978.7,1,0.566333333,9.4,0.257633333,9.677419355,90.32258065,2
"259",2016,"Baja",605734.5002,2181024.535,2994.3,1,0.432,8.5,0.217966667,9.278350515,90.72164948,2
"260",2016,"Baja",605724.5153,2181029.346,2993.3,0.5,0.018666667,10,0.304633333,0,100,1
"261",2016,"Baja",605728.7053,2181029.703,2974.3,0.966666667,0.438,12.4,0.28,13.39285714,86.60714286,2
"262",2016,"Baja",605741.3313,2181021.366,2994.3,1,0.542,9.2,0.278366667,1.98019802,98.01980198,2
"263",2016,"Baja",605757.8895,2181056.77,2980,1,0.015,7.1,0.3275,2.985074627,97.01492537,1
"264",2016,"Baja",605732.9572,2181019.656,2992.2,0.966666667,0.325333333,11.8,0.3267,4.90797546,95.09202454,1
"265",2016,"Baja",605732.8355,2181040.13,2979.8,1,0.591,8.2,0.3619,3.125,96.875,2
"266",2016,"Baja",605717.8098,2181011.377,2991.9,1,0.229,8.7,0.344533333,19.35483871,80.64516129,2
"267",2016,"Baja",605717.9203,2180992.784,2990.9,1,0.386666667,8.3,0.313,0,100,2
"268",2016,"Baja",605727.9204,2180985.428,2990.7,1,0.446,9.9,0.272266667,54.48275862,45.51724138,2
"269",2016,"Baja",605731.0032,2180995.739,2990.9,1,0.208,10.9,0.357366667,17.72151899,82.27848101,1
"270",2016,"Baja",605707.4543,2181007.995,2991,1,0.388333333,10.7,0.374533333,3.539823009,96.46017699,2
"271",2017,"Alta",605747.8559,2181069.77,2979.3,0,0,5.4,0.192466667,1.063829787,98.93617021,1
"272",2017,"Alta",605744.2655,2181056.689,2979.3,0.033333333,0,6.5,0.222466667,0,100,1
"273",2017,"Alta",605740.1774,2181039.178,2979.5,0.033333333,0,10.9,0.3117,0,100,2
"274",2017,"Alta",605754.4645,2181033.508,2980,0.933333333,0,5.1,0.309066667,0,100,1
"275",2017,"Alta",605742.3524,2181025.91,2984.3,0.1,0,11,0.4196,5.555555556,94.44444444,1
"276",2017,"Alta",605727.7112,2181020.621,2992.3,0,0,9.1,0.238866667,0,100,1
"277",2017,"Alta",605724.2519,2181003.114,2990.8,0,0,9.6,0.226633333,0.909090909,99.09090909,1
"278",2017,"Alta",605737.9319,2180993.788,2991,0,0,6.8,0.382833333,0,100,1
"279",2017,"Alta",605724.6902,2180999.907,2991.2,0.033333333,0,6,0.3447,0,100,1
"280",2017,"Alta",605721.5199,2181004.316,2990.9,0,0,3.4,0.3566,0,100,1
"281",2017,"Alta",605723.5856,2181009.419,2991.1,0.333333333,0.019333333,8.8,0.3041,0,100,1
"282",2017,"Alta",605723.5343,2181018.051,2992.4,0,0,7.7,0.344266667,0.952380952,99.04761905,1
"283",2017,"Alta",605720.3726,2181021.02,2993.1,0.2,0.007,6.8,0.195433333,0,100,2
"284",2017,"Alta",605728.6395,2181040.769,2979.2,0,0,10.8,0.386866667,7,93,1
"285",2017,"Alta",605750.3759,2181086.607,2973.2,0,0,5.1,0.281666667,0,100,1
"286",2017,"Alta",605752.4903,2181083.521,2973.3,0,0,8.5,0.3349,0,100,1
"287",2017,"Alta",605758.8875,2181065.187,2978.5,0,0,6.4,0.269933333,0,100,1
"288",2017,"Alta",605746.3904,2181051.832,2979.5,0.033333333,0,8.1,0.268066667,0.854700855,99.14529915,1
"289",2017,"Media",605743.3129,2181040.635,2980.2,0,0,8.3,0.318433333,0,100,1
"290",2017,"Media",605734.9078,2181044.127,2980.2,0,0,10,0.2717,0,100,1
"291",2017,"Media",605734.3542,2181049.104,2979.7,0.533333333,0.030666667,10.1,0.2814,0,100,1
"292",2017,"Media",605734.3628,2181047.665,2979.8,0,0,8,0.400033333,0,100,1
"293",2017,"Media",605740.8457,2181032.541,2979.4,0,0,6.3,0.184433333,0,100,1
"294",2017,"Media",605727.6192,2181036.115,2979.4,0,0,7.4,0.3725,0,100,2
"295",2017,"Media",605728.681,2181033.797,2978.5,0.033333333,0,6.7,0.185533333,0,100,2
"296",2017,"Media",605734.5193,2181021.326,2992.1,0,0,9.7,0.2959,0,100,1
"297",2017,"Media",605741.3662,2181015.501,2992.9,0.1,0.006666667,7.6,0.364866667,0,100,1
"299",2017,"Media",605721.5238,2181003.652,2990.9,0,0,10.5,0.469933333,0,100,1
"300",2017,"Media",605715.2595,2180999.63,2990.6,0,0,7.1,0.370433333,0,100,1
"301",2017,"Media",605712.1161,2180999.501,2973.4,0.033333333,0,7.4,0.370633333,0,100,2
"302",2017,"Media",605712.1003,2181002.157,2991.1,0,0,6,0.3453,0,100,1
"303",2017,"Media",605709.9215,2181016.089,2991.4,0,0,11.8,0.2541,0,100,1
"304",2017,"Media",605719.3568,2181015.591,2991.8,0.166666667,0,4.1,0.166333333,0,100,2
"305",2017,"Media",605725.683,2181009.21,2992.5,0,0,6,0.309166667,1.851851852,98.14814815,1
"306",2017,"Media",605728.1738,2181013.32,2992.4,0.233333333,0.004,12.6,0.397266667,0,100,1
"307",2017,"Baja",605744.4102,2181032.341,2975.7,0,0,7.5,0.255433333,0,100,2
"308",2017,"Baja",605740.8141,2181037.854,2980.1,0.033333333,0,6.2,0.4312,0,100,1
"309",2017,"Baja",605740.1866,2181037.629,2979.6,0,0,12.7,0.381766667,0,100,1
"310",2017,"Baja",605738.0893,2181037.837,2979.8,0,0,8.1,0.2896,0,100,2
"311",2017,"Baja",605731.7927,2181039.239,2979,0,0,10.3,0.418266667,3.816793893,96.18320611,1
"312",2017,"Baja",605731.3312,2181028.722,2978.7,0.033333333,0,9.1,0.2541,0,100,1
"313",2017,"Baja",605734.5002,2181024.535,2994.3,0,0,10,0.469233333,0,100,2
"314",2017,"Baja",605724.5153,2181029.346,2993.3,0,0,11.7,0.396933333,0,100,1
"315",2017,"Baja",605728.7053,2181029.703,2974.3,0,0,7.8,0.311966667,0,100,2
"316",2017,"Baja",605741.3313,2181021.366,2994.3,0,0,7.2,0.410633333,0,100,2
"317",2017,"Baja",605757.8895,2181056.77,2980,0.066666667,0.005666667,7.1,0.305366667,0,100,1
"318",2017,"Baja",605732.9572,2181019.656,2992.2,0,0,7.5,0.237833333,0,100,1
"319",2017,"Baja",605732.8355,2181040.13,2979.8,0,0,7,0.294833333,1.587301587,98.41269841,2
"320",2017,"Baja",605717.8098,2181011.377,2991.9,0.2,0.004666667,9.1,0.362133333,0,100,1
"321",2017,"Baja",605717.9203,2180992.784,2990.9,0.066666667,0,4.6,0.2405,0,100,1
"322",2017,"Baja",605727.9204,2180985.428,2990.7,0,0,8.3,0.3012,1.438848921,98.56115108,1
"323",2017,"Baja",605731.0032,2180995.739,2990.9,0,0,8.9,0.310333333,0,100,1
"324",2017,"Baja",605707.4543,2181007.995,2991,0,0,13.7,0.202533333,0,100,1
"325",2016,"Alta",605747.8559,2181069.77,2979.3,0.966666667,0.381333333,5.1,0.1831,3.883495146,96.11650485,1
"326",2016,"Alta",605744.2655,2181056.689,2979.3,0.966666667,0.274333333,6.3,0.186733333,0.980392157,99.01960784,1
"327",2016,"Alta",605740.1774,2181039.178,2979.5,1,0.404,9.7,0.302366667,1.226993865,98.77300613,2
"328",2016,"Alta",605754.4645,2181033.508,2980,0.966666667,0.362,9.1,0.2943,2.34375,97.65625,2
"329",2016,"Alta",605742.3524,2181025.91,2984.3,0.966666667,0.361666667,8.4,0.463666667,9.756097561,90.24390244,2
"330",2016,"Alta",605727.7112,2181020.621,2992.3,0.7,0.089333333,8.1,0.321533333,0,100,2
"331",2016,"Alta",605724.2519,2181003.114,2990.8,0.9,0.361,8.4,0.312966667,1.904761905,98.0952381,2
"332",2016,"Alta",605737.9319,2180993.788,2991,0.866666667,0.207,9.3,0.376833333,17.47572816,82.52427184,3
"333",2016,"Alta",605724.6902,2180999.907,2991.2,0.866666667,0.206333333,10.1,0.321766667,3.361344538,96.63865546,2
"334",2016,"Alta",605721.5199,2181004.316,2990.9,0.666666667,0.302,7.4,0.3069,6.818181818,93.18181818,3
"335",2016,"Alta",605723.5856,2181009.419,2991.1,0.466666667,0.112333333,9.2,0.297,3.703703704,96.2962963,2
"336",2016,"Alta",605723.5343,2181018.051,2992.4,0.8,0.307333333,7.7,0.356333333,5.982905983,94.01709402,2
"337",2016,"Alta",605720.3726,2181021.02,2993.1,0.533333333,0.133666667,8.7,0.3303,1.834862385,98.16513761,2
"338",2016,"Alta",605728.6395,2181040.769,2979.2,0.633333333,0.157666667,5.1,0.216866667,6.976744186,93.02325581,2
"341",2016,"Alta",605758.8875,2181065.187,2978.5,0.966666667,0.320333333,6,0.202966667,2.409638554,97.59036145,1
"342",2016,"Alta",605746.3904,2181051.832,2979.5,0.9,0.259,12,0.347033333,20.80536913,79.19463087,2
"343",2016,"Media",605743.3129,2181040.635,2980.2,1,0.254,10,0.427866667,15.625,84.375,2
"344",2016,"Media",605734.9078,2181044.127,2980.2,1,0.483666667,7.1,0.2462,8.695652174,91.30434783,2
"345",2016,"Media",605734.3542,2181049.104,2979.7,0.766666667,0.132,9.6,0.4124,26.36363636,73.63636364,2
"346",2016,"Media",605734.3628,2181047.665,2979.8,0.9,0.206333333,7.8,0.309633333,0,100,2
"347",2016,"Media",605740.8457,2181032.541,2979.4,0.966666667,0.444333333,9.2,0.275433333,14.9122807,85.0877193,2
"348",2016,"Media",605727.6192,2181036.115,2979.4,0.033333333,0.003666667,9.3,0.332133333,4.580152672,95.41984733,2
"349",2016,"Media",605728.681,2181033.797,2978.5,1,0.356333333,11,0.3954,27.13178295,72.86821705,2
"350",2016,"Media",605734.5193,2181021.326,2992.1,0.8,0.251,11.6,0.468866667,0.826446281,99.17355372,2
"351",2016,"Media",605741.3662,2181015.501,2992.9,0.833333333,0.255333333,6.5,0.302966667,6.25,93.75,2
"353",2016,"Media",605721.5238,2181003.652,2990.9,0.9,0.197333333,7.4,0.3066,1.111111111,98.88888889,2
"354",2016,"Media",605715.2595,2180999.63,2990.6,0.966666667,0.214333333,6.7,0.2744,4.938271605,95.0617284,2
"355",2016,"Media",605712.1161,2180999.501,2973.4,0.866666667,0.225666667,6.9,0.370133333,6.578947368,93.42105263,2
"356",2016,"Media",605712.1003,2181002.157,2991.1,0.933333333,0.34,7.4,0.323433333,4.347826087,95.65217391,3
"357",2016,"Media",605709.9215,2181016.089,2991.4,0.933333333,0.347666667,7.8,0.2958,0,100,2
"358",2016,"Media",605719.3568,2181015.591,2991.8,0.966666667,0.319333333,7,0.325933333,6.666666667,93.33333333,3
"359",2016,"Media",605725.683,2181009.21,2992.5,1,0.246333333,6.8,0.224,6.818181818,93.18181818,2
"360",2016,"Media",605728.1738,2181013.32,2992.4,1,0.380666667,7,0.312833333,18.18181818,81.81818182,1
"361",2016,"Baja",605744.4102,2181032.341,2975.7,0.866666667,0.233666667,6.1,0.175066667,0.793650794,99.20634921,3
"362",2016,"Baja",605740.8141,2181037.854,2980.1,0.966666667,0.281,11,0.4219,3.773584906,96.22641509,2
"363",2016,"Baja",605740.1866,2181037.629,2979.6,0.933333333,0.252666667,14.3,0.504466667,1.587301587,98.41269841,2
"364",2016,"Baja",605738.0893,2181037.837,2979.8,0.966666667,0.296666667,13,0.3094,7.692307692,92.30769231,2
"365",2016,"Baja",605731.7927,2181039.239,2979,0.766666667,0.154666667,7.1,0.303133333,1.941747573,98.05825243,1
"366",2016,"Baja",605731.3312,2181028.722,2978.7,0.9,0.337,8.2,0.225866667,2.325581395,97.6744186,3
"367",2016,"Baja",605734.5002,2181024.535,2994.3,0.533333333,0.062666667,9.3,0.275266667,3.007518797,96.9924812,2
"368",2016,"Baja",605724.5153,2181029.346,2993.3,0.6,0.151333333,14.3,0.4392,28.8590604,71.1409396,2
"369",2016,"Baja",605728.7053,2181029.703,2974.3,0.633333333,0.248,6.2,0.230866667,25,75,2
"370",2016,"Baja",605741.3313,2181021.366,2994.3,1,0.31,8.3,0.291733333,0,100,2
"371",2016,"Baja",605757.8895,2181056.77,2980,0.233333333,0.02,6,0.2722,2.53164557,97.46835443,1
"372",2016,"Baja",605732.9572,2181019.656,2992.2,0.966666667,0.268,10.7,0.2625,14.84375,85.15625,2
"373",2016,"Baja",605732.8355,2181040.13,2979.8,0.833333333,0.372333333,5.5,0.332133333,3.921568627,96.07843137,2
"374",2016,"Baja",605717.8098,2181011.377,2991.9,0.933333333,0.309666667,8.2,0.3404,9.302325581,90.69767442,2
"375",2016,"Baja",605717.9203,2180992.784,2990.9,0.933333333,0.301333333,5.7,0.267033333,15.78947368,84.21052632,3
"376",2016,"Baja",605727.9204,2180985.428,2990.7,0.833333333,0.312666667,6.4,0.4009,7.407407407,92.59259259,3
"377",2016,"Baja",605731.0032,2180995.739,2990.9,0.8,0.260666667,7.8,0.318966667,4.807692308,95.19230769,3
"378",2016,"Baja",605707.4543,2181007.995,2991,0.7,0.213666667,7.3,0.312666667,2.857142857,97.14285714,1
"379",2017,"Alta",605747.8559,2181069.77,2979.3,0,0,5.8,0.184033333,0,100,1
"380",2017,"Alta",605744.2655,2181056.689,2979.3,0,0,5.3,0.191966667,0,100,1
"381",2017,"Alta",605740.1774,2181039.178,2979.5,0,0,8.9,0.2926,0,100,2
"382",2017,"Alta",605754.4645,2181033.508,2980,0,0,7.5,0.202566667,0,100,2
"383",2017,"Alta",605742.3524,2181025.91,2984.3,0,0,7.8,0.2767,3.75,96.25,2
"384",2017,"Alta",605727.7112,2181020.621,2992.3,0,0,8.2,0.3066,0,100,1
"385",2017,"Alta",605724.2519,2181003.114,2990.8,0,0,10.4,0.227,0,100,1
"386",2017,"Alta",605737.9319,2180993.788,2991,0,0,11.8,0.3401,0,100,2
"387",2017,"Alta",605724.6902,2180999.907,2991.2,0,0,6.4,0.257766667,2.127659574,97.87234043,2
"388",2017,"Alta",605721.5199,2181004.316,2990.9,0,0,8,0.3579,0,100,2
"389",2017,"Alta",605723.5856,2181009.419,2991.1,0,0,9.2,0.257266667,0,100,2
"390",2017,"Alta",605723.5343,2181018.051,2992.4,0,0,7,0.3575,0,100,2
"391",2017,"Alta",605720.3726,2181021.02,2993.1,0,0,7.2,0.195666667,0,100,2
"392",2017,"Alta",605728.6395,2181040.769,2979.2,0,0,8.1,0.237333333,0,100,1
"395",2017,"Alta",605758.8875,2181065.187,2978.5,0,0,6.2,0.3059,0,100,1
"396",2017,"Alta",605746.3904,2181051.832,2979.5,0,0,6.1,0.2416,0,100,1
"397",2017,"Media",605743.3129,2181040.635,2980.2,0,0,5.2,0.251633333,0,100,2
"398",2017,"Media",605734.9078,2181044.127,2980.2,0,0,3.3,0.208066667,0,100,1
"399",2017,"Media",605734.3542,2181049.104,2979.7,0.233333333,0.02,7,0.357966667,0,100,1
"400",2017,"Media",605734.3628,2181047.665,2979.8,0,0,6.3,0.4417,0,100,2
"401",2017,"Media",605740.8457,2181032.541,2979.4,0,0,5.2,0.2697,0,100,1
"402",2017,"Media",605727.6192,2181036.115,2979.4,0,0,5.6,0.354766667,0,100,2
"403",2017,"Media",605728.681,2181033.797,2978.5,0,0,6.3,0.168733333,0,100,1
"404",2017,"Media",605734.5193,2181021.326,2992.1,0,0,9.4,0.317966667,0,100,1
"405",2017,"Media",605741.3662,2181015.501,2992.9,0,0,5.6,0.3054,0,100,2
"407",2017,"Media",605721.5238,2181003.652,2990.9,0,0,8.7,0.343533333,0,100,2
"408",2017,"Media",605715.2595,2180999.63,2990.6,0,0,8.3,0.2725,0,100,2
"409",2017,"Media",605712.1161,2180999.501,2973.4,0,0,8.1,0.411566667,1.351351351,98.64864865,2
"410",2017,"Media",605712.1003,2181002.157,2991.1,0,0,7.3,0.256366667,2.105263158,97.89473684,2
"411",2017,"Media",605709.9215,2181016.089,2991.4,0,0,9.5,0.2975,0,100,2
"412",2017,"Media",605719.3568,2181015.591,2991.8,0,0,6.6,0.210833333,0,100,1
"413",2017,"Media",605725.683,2181009.21,2992.5,0,0,6.6,0.245566667,0,100,1
"414",2017,"Media",605728.1738,2181013.32,2992.4,0,0,10.4,0.332,0,100,1
"415",2017,"Baja",605744.4102,2181032.341,2975.7,0,0,3.6,0.175233333,0,100,1
"416",2017,"Baja",605740.8141,2181037.854,2980.1,0,0,9.8,0.259066667,0,100,1
"417",2017,"Baja",605740.1866,2181037.629,2979.6,0,0,6.6,0.335133333,0,100,2
"418",2017,"Baja",605738.0893,2181037.837,2979.8,0,0,5.9,0.2236,4.705882353,95.29411765,1
"419",2017,"Baja",605731.7927,2181039.239,2979,0,0,5.6,0.262533333,0,100,1
"420",2017,"Baja",605731.3312,2181028.722,2978.7,0,0,7.8,0.3201,0,100,1
"421",2017,"Baja",605734.5002,2181024.535,2994.3,0,0,8.9,0.363,0,100,1
"422",2017,"Baja",605724.5153,2181029.346,2993.3,0,0,7,0.224533333,0,100,1
"423",2017,"Baja",605728.7053,2181029.703,2974.3,0,0,6.4,0.335933333,0,100,2
"424",2017,"Baja",605741.3313,2181021.366,2994.3,0,0,6.6,0.315133333,0,100,1
"425",2017,"Baja",605757.8895,2181056.77,2980,0,0,5.1,0.286833333,0,100,1
"426",2017,"Baja",605732.9572,2181019.656,2992.2,0,0,8.8,0.269933333,0,100,1
"427",2017,"Baja",605732.8355,2181040.13,2979.8,0,0,10,0.3262,0,100,1
"428",2017,"Baja",605717.8098,2181011.377,2991.9,0,0,8.5,0.1949,0,100,1
"429",2017,"Baja",605717.9203,2180992.784,2990.9,0,0,13.8,0.257666667,0,100,1
"430",2017,"Baja",605727.9204,2180985.428,2990.7,0,0,8.8,0.2786,0,100,1
"431",2017,"Baja",605731.0032,2180995.739,2990.9,0,0,8.7,0.282433333,0,100,1
"432",2017,"Baja",605707.4543,2181007.995,2991,0,0,5.4,0.220166667,0,100,1
"433",2016,"Alta",605747.8559,2181069.77,2979.3,1,0.381333333,4.6,0.234766667,6.41025641,93.58974359,2
"434",2016,"Alta",605744.2655,2181056.689,2979.3,1,0.433666667,7.2,0.194633333,5.769230769,94.23076923,3
"435",2016,"Alta",605740.1774,2181039.178,2979.5,1,0.427,8.1,0.255,1.418439716,98.58156028,2
"436",2016,"Alta",605754.4645,2181033.508,2980,1,0.495666667,6.1,0.251566667,24.09638554,75.90361446,3
"438",2016,"Alta",605727.7112,2181020.621,2992.3,1,0.413666667,6,0.195866667,8.080808081,91.91919192,3
"439",2016,"Alta",605724.2519,2181003.114,2990.8,0.966666667,0.302,11.2,0.256666667,6.896551724,93.10344828,3
"440",2016,"Alta",605737.9319,2180993.788,2991,1,0.321,6.2,0.214866667,2.409638554,97.59036145,3
"441",2016,"Alta",605724.6902,2180999.907,2991.2,1,0.320666667,9.4,0.335366667,7.142857143,92.85714286,2
"442",2016,"Alta",605721.5199,2181004.316,2990.9,1,0.403333333,10.9,0.400166667,0,100,2
"443",2016,"Alta",605723.5856,2181009.419,2991.1,1,0.229333333,7.9,0.3225,18.18181818,81.81818182,2
"444",2016,"Alta",605723.5343,2181018.051,2992.4,0.966666667,0.125666667,7.5,0.305866667,7.547169811,92.45283019,2
"445",2016,"Alta",605720.3726,2181021.02,2993.1,1,0.281333333,7.7,0.287133333,15.2173913,84.7826087,2
"446",2016,"Alta",605728.6395,2181040.769,2979.2,0.966666667,0.135333333,5,0.1644,4.444444444,95.55555556,2
"449",2016,"Alta",605758.8875,2181065.187,2978.5,1,0.331666667,6.1,0.198666667,1.111111111,98.88888889,2
"450",2016,"Alta",605746.3904,2181051.832,2979.5,1,0.182333333,8.8,0.313433333,29.48717949,70.51282051,3
"451",2016,"Media",605743.3129,2181040.635,2980.2,1,0.382666667,5.2,0.266733333,2.898550725,97.10144928,2
"452",2016,"Media",605734.9078,2181044.127,2980.2,1,0.495333333,7.2,0.256733333,29.54545455,70.45454545,3
"453",2016,"Media",605734.3542,2181049.104,2979.7,0.933333333,0.105666667,11,0.3587,29,71,2
"454",2016,"Media",605734.3628,2181047.665,2979.8,1,0.209,11.7,0.4163,7.100591716,92.89940828,2
"455",2016,"Media",605740.8457,2181032.541,2979.4,1,0.484666667,6.9,0.316933333,8.510638298,91.4893617,2
"456",2016,"Media",605727.6192,2181036.115,2979.4,1,0.361333333,11.8,0.4297,30.55555556,69.44444444,3
"457",2016,"Media",605728.681,2181033.797,2978.5,1,0.278333333,9.8,0.359866667,26.05042017,73.94957983,3
"458",2016,"Media",605734.5193,2181021.326,2992.1,1,0.399333333,6.4,0.2642,14.77272727,85.22727273,3
"459",2016,"Media",605741.3662,2181015.501,2992.9,1,0.383,6.6,0.216533333,0,100,2
"461",2016,"Media",605721.5238,2181003.652,2990.9,1,0.401333333,4.9,0.214866667,12.72727273,87.27272727,3
"462",2016,"Media",605715.2595,2180999.63,2990.6,1,0.474,7.2,0.306833333,16.27906977,83.72093023,3
"463",2016,"Media",605712.1161,2180999.501,2973.4,1,0.268333333,9.5,0.3382,3.50877193,96.49122807,2
"464",2016,"Media",605712.1003,2181002.157,2991.1,0.966666667,0.115333333,12.1,0.394433333,9.302325581,90.69767442,2
"465",2016,"Media",605709.9215,2181016.089,2991.4,1,0.330666667,7.6,0.2636,1.923076923,98.07692308,1
"466",2016,"Media",605719.3568,2181015.591,2991.8,1,0.434,10.2,0.415866667,44.44444444,55.55555556,3
"467",2016,"Media",605725.683,2181009.21,2992.5,1,0.33,8.2,0.435833333,6.666666667,93.33333333,2
"468",2016,"Media",605728.1738,2181013.32,2992.4,1,0.395666667,6.6,0.306366667,28.94736842,71.05263158,1
"469",2016,"Baja",605744.4102,2181032.341,2975.7,1,0.209666667,10.4,0.279633333,0.862068966,99.13793103,3
"470",2016,"Baja",605740.8141,2181037.854,2980.1,1,0.242,11.5,0.368933333,6.382978723,93.61702128,2
"471",2016,"Baja",605740.1866,2181037.629,2979.6,0.933333333,0.376666667,11.4,0.369633333,6.060606061,93.93939394,2
"472",2016,"Baja",605738.0893,2181037.837,2979.8,1,0.318666667,9.5,0.3587,17.28395062,82.71604938,2
"473",2016,"Baja",605731.7927,2181039.239,2979,0.966666667,0.052333333,8.6,0.284633333,1.818181818,98.18181818,1
"474",2016,"Baja",605731.3312,2181028.722,2978.7,1,0.237666667,8.1,0.322066667,3,97,2
"475",2016,"Baja",605734.5002,2181024.535,2994.3,1,0.382666667,6.2,0.2834,0,100,2
"476",2016,"Baja",605724.5153,2181029.346,2993.3,1,0.245333333,7,0.182166667,4.838709677,95.16129032,2
"477",2016,"Baja",605728.7053,2181029.703,2974.3,1,0.365333333,13,0.266933333,7.82122905,92.17877095,2
"478",2016,"Baja",605741.3313,2181021.366,2994.3,1,0.251,12.5,0.361266667,11.40939597,88.59060403,2
"479",2016,"Baja",605757.8895,2181056.77,2980,0.466666667,0.054666667,9.7,0.347333333,11.11111111,88.88888889,2
"480",2016,"Baja",605732.9572,2181019.656,2992.2,1,0.307333333,11.5,0.348166667,45.65217391,54.34782609,2
"481",2016,"Baja",605732.8355,2181040.13,2979.8,1,0.593666667,9,0.332966667,2.608695652,97.39130435,2
"482",2016,"Baja",605717.8098,2181011.377,2991.9,1,0.289,7.5,0.329133333,10.30927835,89.69072165,2
"483",2016,"Baja",605717.9203,2180992.784,2990.9,1,0.405333333,9.2,0.296966667,5.319148936,94.68085106,2
"484",2016,"Baja",605727.9204,2180985.428,2990.7,1,0.376666667,6.7,0.2034,10.75268817,89.24731183,3
"485",2016,"Baja",605731.0032,2180995.739,2990.9,1,0.415,10.9,0.384733333,13.53383459,86.46616541,2
"486",2016,"Baja",605707.4543,2181007.995,2991,0.966666667,0.089,7.8,0.216133333,11.42857143,88.57142857,1
"487",2017,"Alta",605747.8559,2181069.77,2979.3,0,0,4.1,0.1734,0,100,2
"488",2017,"Alta",605744.2655,2181056.689,2979.3,0.1,0.002,4.8,0.156133333,0,100,1
"489",2017,"Alta",605740.1774,2181039.178,2979.5,0.033333333,0,6.9,0.324166667,0,100,2
"490",2017,"Alta",605754.4645,2181033.508,2980,0.033333333,0,8,0.2757,0.8,99.2,2
"492",2017,"Alta",605727.7112,2181020.621,2992.3,0.033333333,0,8.2,0.302966667,4.273504274,95.72649573,1
"493",2017,"Alta",605724.2519,2181003.114,2990.8,0,0,10.1,0.2297,0,100,2
"494",2017,"Alta",605737.9319,2180993.788,2991,0.066666667,0,7.5,0.3618,0,100,2
"495",2017,"Alta",605724.6902,2180999.907,2991.2,0.966666667,0.056,9.2,0.347266667,2.040816327,97.95918367,2
"496",2017,"Alta",605721.5199,2181004.316,2990.9,0,0,6.3,0.308866667,0,100,2
"497",2017,"Alta",605723.5856,2181009.419,2991.1,0.033333333,0,7,0.245266667,1.075268817,98.92473118,1
"498",2017,"Alta",605723.5343,2181018.051,2992.4,0,0,8.8,0.351133333,0,100,2
"499",2017,"Alta",605720.3726,2181021.02,2993.1,0,0,8.3,0.2494,0,100,1
"500",2017,"Alta",605728.6395,2181040.769,2979.2,0,0,9.2,0.272533333,0,100,1
"503",2017,"Alta",605758.8875,2181065.187,2978.5,0,0,5.8,0.290166667,0,100,2
"504",2017,"Alta",605746.3904,2181051.832,2979.5,0.033333333,0.006,9.6,0.285666667,0,100,2
"505",2017,"Media",605743.3129,2181040.635,2980.2,0,0,8,0.3214,0,100,2
"506",2017,"Media",605734.9078,2181044.127,2980.2,0,0,8.8,0.319466667,0,100,2
"507",2017,"Media",605734.3542,2181049.104,2979.7,0.933333333,0.016666667,9.9,0.407266667,1.515151515,98.48484848,2
"508",2017,"Media",605734.3628,2181047.665,2979.8,0.633333333,0.009333333,8.5,0.371566667,0,100,2
"509",2017,"Media",605740.8457,2181032.541,2979.4,0.033333333,0,6.9,0.293233333,0,100,2
"510",2017,"Media",605727.6192,2181036.115,2979.4,0,0,12.5,0.348566667,2.797202797,97.2027972,1
"511",2017,"Media",605728.681,2181033.797,2978.5,0.2,0.003,9.5,0.204933333,0,100,1
"512",2017,"Media",605734.5193,2181021.326,2992.1,0.066666667,0.012,7.2,0.3178,0,100,2
"513",2017,"Media",605741.3662,2181015.501,2992.9,0,0,8.5,0.3196,0,100,2
"515",2017,"Media",605721.5238,2181003.652,2990.9,0.133333333,0.012666667,9,0.2813,0,100,2
"516",2017,"Media",605715.2595,2180999.63,2990.6,0.066666667,0,8.3,0.2961,4.081632653,95.91836735,1
"517",2017,"Media",605712.1161,2180999.501,2973.4,0.266666667,0.006666667,11.7,0.412766667,0,100,2
"518",2017,"Media",605712.1003,2181002.157,2991.1,0,0,13.8,0.451633333,2.307692308,97.69230769,1
"519",2017,"Media",605709.9215,2181016.089,2991.4,0,0,8.3,0.2607,0,100,1
"520",2017,"Media",605719.3568,2181015.591,2991.8,0.033333333,0,8.5,0.244966667,0,100,1
"521",2017,"Media",605725.683,2181009.21,2992.5,0,0,6.5,0.2901,0,100,2
"522",2017,"Media",605728.1738,2181013.32,2992.4,0.7,0.005333333,6.2,0.364933333,0,100,1
"523",2017,"Baja",605744.4102,2181032.341,2975.7,0.9,0.022666667,6.3,0.2279,0,100,1
"524",2017,"Baja",605740.8141,2181037.854,2980.1,0.966666667,0.016666667,9.5,0.389,0,100,1
"525",2017,"Baja",605740.1866,2181037.629,2979.6,0.1,0,6.7,0.377633333,0,100,2
"526",2017,"Baja",605738.0893,2181037.837,2979.8,0.166666667,0.003333333,4.7,0.186066667,3.448275862,96.55172414,2
"527",2017,"Baja",605731.7927,2181039.239,2979,0.533333333,0.012666667,12.5,0.3544,0,100,1
"528",2017,"Baja",605731.3312,2181028.722,2978.7,0,0,11.5,0.409233333,0,100,2
"529",2017,"Baja",605734.5002,2181024.535,2994.3,0,0,7.1,0.3094,0,100,2
"530",2017,"Baja",605724.5153,2181029.346,2993.3,0,0,6.9,0.2854,1.869158879,98.13084112,2
"531",2017,"Baja",605728.7053,2181029.703,2974.3,0,0,7.5,0.286233333,0,100,2
"532",2017,"Baja",605741.3313,2181021.366,2994.3,0.9,0.062333333,5.5,0.2397,0,100,2
"533",2017,"Baja",605757.8895,2181056.77,2980,0,0,8.2,0.271733333,1,99,2
"534",2017,"Baja",605732.9572,2181019.656,2992.2,0,0,9.5,0.220666667,0,100,1
"535",2017,"Baja",605732.8355,2181040.13,2979.8,0.133333333,0,6.6,0.259166667,0,100,2
"536",2017,"Baja",605717.8098,2181011.377,2991.9,0.1,0,6,0.269533333,0,100,2
"537",2017,"Baja",605717.9203,2180992.784,2990.9,1,0,8.4,0.340466667,1,99,1
"538",2017,"Baja",605727.9204,2180985.428,2990.7,0.066666667,0,13.8,0.3435,2.684563758,97.31543624,1
"539",2017,"Baja",605731.0032,2180995.739,2990.9,0.166666667,0.003666667,5.5,0.205733333,0,100,3
"540",2017,"Baja",605707.4543,2181007.995,2991,0.2,0.022666667,5.7,0.184266667,0,100,1
"541",2016,"Alta",605747.8559,2181069.77,2979.3,0.866666667,0.123,6.4,0.178466667,36.15384615,63.84615385,2
"542",2016,"Alta",605744.2655,2181056.689,2979.3,0.833333333,0.278333333,7.7,0.186766667,19.16167665,80.83832335,1
"543",2016,"Alta",605740.1774,2181039.178,2979.5,0.866666667,0.130333333,9.9,0.319633333,2.941176471,97.05882353,3
"544",2016,"Alta",605754.4645,2181033.508,2980,0.9,0.163333333,9,0.3409,10.71428571,89.28571429,2
"546",2016,"Alta",605727.7112,2181020.621,2992.3,0.966666667,0.153666667,8.8,0.326966667,47.45762712,52.54237288,3
"547",2016,"Alta",605724.2519,2181003.114,2990.8,1,0.257666667,8.5,0.300266667,17.27272727,82.72727273,3
"548",2016,"Alta",605737.9319,2180993.788,2991,0.833333333,0.120666667,12,0.478433333,42.95774648,57.04225352,2
"549",2016,"Alta",605724.6902,2180999.907,2991.2,0.933333333,0.157333333,9.4,0.2691,39.84962406,60.15037594,3
"550",2016,"Alta",605721.5199,2181004.316,2990.9,0.9,0.071,7.5,0.399133333,0,100,2
"551",2016,"Alta",605723.5856,2181009.419,2991.1,0.9,0.171333333,7.1,0.208733333,1.960784314,98.03921569,2
"552",2016,"Alta",605723.5343,2181018.051,2992.4,0.933333333,0.244333333,6.3,0.3783,4.444444444,95.55555556,2
"553",2016,"Alta",605720.3726,2181021.02,2993.1,0.9,0.136333333,6.6,0.295533333,10.63829787,89.36170213,3
"554",2016,"Alta",605728.6395,2181040.769,2979.2,0.666666667,0.061666667,6.9,0.254933333,0,100,3
"557",2016,"Alta",605758.8875,2181065.187,2978.5,0.933333333,0.165,7.7,0.2508,12.72727273,87.27272727,1
"558",2016,"Alta",605746.3904,2181051.832,2979.5,0.9,0.165,10.2,0.3223,27.27272727,72.72727273,3
"559",2016,"Media",605743.3129,2181040.635,2980.2,0.733333333,0.109333333,5.3,0.2435,0,100,3
"560",2016,"Media",605734.9078,2181044.127,2980.2,0.666666667,0.147333333,9.1,0.297566667,42.60869565,57.39130435,2
"561",2016,"Media",605734.3542,2181049.104,2979.7,0.4,0.041333333,8.2,0.311533333,15.50387597,84.49612403,2
"562",2016,"Media",605734.3628,2181047.665,2979.8,0.666666667,0.084666667,12.5,0.4441,8.208955224,91.79104478,2
"563",2016,"Media",605740.8457,2181032.541,2979.4,0.933333333,0.269,7,0.2907,9.6,90.4,2
"564",2016,"Media",605727.6192,2181036.115,2979.4,0.2,0.006,13,0.417766667,5.454545455,94.54545455,1
"565",2016,"Media",605728.681,2181033.797,2978.5,0.866666667,0.054666667,11.1,0.362,49.66887417,50.33112583,2
"566",2016,"Media",605734.5193,2181021.326,2992.1,0.933333333,0.127,7.1,0.398566667,27.27272727,72.72727273,2
"567",2016,"Media",605741.3662,2181015.501,2992.9,0.4,0.039666667,9.1,0.432833333,3.883495146,96.11650485,2
"569",2016,"Media",605721.5238,2181003.652,2990.9,0.933333333,0.076,6.5,0.297633333,5.555555556,94.44444444,2
"570",2016,"Media",605715.2595,2180999.63,2990.6,0.933333333,0.184333333,13.9,0.365166667,31.49606299,68.50393701,3
"571",2016,"Media",605712.1161,2180999.501,2973.4,0.866666667,0.087,8.5,0.394833333,25.74257426,74.25742574,1
"572",2016,"Media",605712.1003,2181002.157,2991.1,0.9,0.11,11,0.3358,7.246376812,92.75362319,2
"573",2016,"Media",605709.9215,2181016.089,2991.4,0.866666667,0.084666667,9.4,0.3075,31.08108108,68.91891892,2
"574",2016,"Media",605719.3568,2181015.591,2991.8,0.833333333,0.105666667,10.4,0.338066667,36.53846154,63.46153846,2
"575",2016,"Media",605725.683,2181009.21,2992.5,0.966666667,0.305666667,5.8,0.371733333,10.52631579,89.47368421,2
"576",2016,"Media",605728.1738,2181013.32,2992.4,0.966666667,0.280666667,10,0.384666667,27.27272727,72.72727273,2
"577",2016,"Baja",605744.4102,2181032.341,2975.7,0.933333333,0.148,8.8,0.39,10.30927835,89.69072165,3
"578",2016,"Baja",605740.8141,2181037.854,2980.1,0.9,0.226,11.4,0.345,29.8245614,70.1754386,2
"579",2016,"Baja",605740.1866,2181037.629,2979.6,0.766666667,0.047,13,0.4337,2.23880597,97.76119403,2
"580",2016,"Baja",605738.0893,2181037.837,2979.8,0.466666667,0.03,8.4,0.3506,3.448275862,96.55172414,3
"581",2016,"Baja",605731.7927,2181039.239,2979,0.633333333,0.027,11,0.497266667,1.724137931,98.27586207,2
"582",2016,"Baja",605731.3312,2181028.722,2978.7,0.833333333,0.052,7.1,0.359266667,1.369863014,98.63013699,2
"583",2016,"Baja",605734.5002,2181024.535,2994.3,0.966666667,0.215666667,8.4,0.2438,23.25581395,76.74418605,2
"584",2016,"Baja",605724.5153,2181029.346,2993.3,0.966666667,0.185666667,10.7,0.4466,45.2991453,54.7008547,2
"585",2016,"Baja",605728.7053,2181029.703,2974.3,0.966666667,0.169,9.7,0.1992,7.462686567,92.53731343,2
"586",2016,"Baja",605741.3313,2181021.366,2994.3,0.466666667,0.067333333,15.2,0.460966667,1.769911504,98.2300885,2
"587",2016,"Baja",605757.8895,2181056.77,2980,0.266666667,0.008666667,7.9,0.2938,5.263157895,94.73684211,3
"588",2016,"Baja",605732.9572,2181019.656,2992.2,0.6,0.076666667,13.5,0.311733333,60.46511628,39.53488372,2
"589",2016,"Baja",605732.8355,2181040.13,2979.8,0.833333333,0.120333333,9.2,0.3592,10.34482759,89.65517241,2
"590",2016,"Baja",605717.8098,2181011.377,2991.9,0.866666667,0.236,8,0.431733333,8.823529412,91.17647059,2
"591",2016,"Baja",605717.9203,2180992.784,2990.9,0.9,0.267333333,5.7,0.325633333,20.75471698,79.24528302,3
"592",2016,"Baja",605727.9204,2180985.428,2990.7,0.833333333,0.147333333,9.5,0.326833333,12.61261261,87.38738739,3
"593",2016,"Baja",605731.0032,2180995.739,2990.9,0.9,0.196333333,12,0.3875,53.54330709,46.45669291,3
"594",2016,"Baja",605707.4543,2181007.995,2991,0.9,0.13,6.5,0.254466667,24.29906542,75.70093458,3
"595",2017,"Alta",605747.8559,2181069.77,2979.3,0,0,5,0.155833333,1.57480315,98.42519685,1
"596",2017,"Alta",605744.2655,2181056.689,2979.3,0,0,4.3,0.207233333,0,100,1
"597",2017,"Alta",605740.1774,2181039.178,2979.5,0,0,10,0.364366667,1.57480315,98.42519685,3
"598",2017,"Alta",605754.4645,2181033.508,2980,0,0,5,0.227033333,1.063829787,98.93617021,2
"600",2017,"Alta",605727.7112,2181020.621,2992.3,0,0,8.1,0.2435,0,100,1
"601",2017,"Alta",605724.2519,2181003.114,2990.8,0,0,8.4,0.249533333,0,100,2
"602",2017,"Alta",605737.9319,2180993.788,2991,0,0,11.2,0.3501,0,100,2
"603",2017,"Alta",605724.6902,2180999.907,2991.2,0,0,12.5,0.309533333,0,100,2
"604",2017,"Alta",605721.5199,2181004.316,2990.9,0,0,9,0.3424,0,100,2
"605",2017,"Alta",605723.5856,2181009.419,2991.1,0,0,5.2,0.221166667,0,100,2
"606",2017,"Alta",605723.5343,2181018.051,2992.4,0,0,5.2,0.291333333,0,100,2
"607",2017,"Alta",605720.3726,2181021.02,2993.1,0,0,7.3,0.2745,0,100,2
"608",2017,"Alta",605728.6395,2181040.769,2979.2,0,0,9,0.3132,0,100,1
"611",2017,"Alta",605758.8875,2181065.187,2978.5,0,0,8.9,0.410166667,0,100,1
"612",2017,"Alta",605746.3904,2181051.832,2979.5,0,0,8.8,0.305133333,0,100,2
"613",2017,"Media",605743.3129,2181040.635,2980.2,0,0,9.5,0.356433333,0,100,2
"614",2017,"Media",605734.9078,2181044.127,2980.2,0,0,10.1,0.613266667,0.980392157,99.01960784,2
"615",2017,"Media",605734.3542,2181049.104,2979.7,0,0,8,0.446733333,4.62962963,95.37037037,2
"616",2017,"Media",605734.3628,2181047.665,2979.8,0,0,14.5,0.470933333,0,100,2
"617",2017,"Media",605740.8457,2181032.541,2979.4,0,0,7.5,0.339633333,5.511811024,94.48818898,2
"618",2017,"Media",605727.6192,2181036.115,2979.4,0,0,10.3,0.315666667,0,100,1
"619",2017,"Media",605728.681,2181033.797,2978.5,0,0,8.5,0.3377,0,100,1
"620",2017,"Media",605734.5193,2181021.326,2992.1,0,0,7.5,0.278533333,0,100,2
"621",2017,"Media",605741.3662,2181015.501,2992.9,0,0,8.1,0.332,1.503759398,98.4962406,2
"623",2017,"Media",605721.5238,2181003.652,2990.9,0,0,8,0.3389,0,100,2
"624",2017,"Media",605715.2595,2180999.63,2990.6,0,0,9,0.251633333,0.917431193,99.08256881,2
"625",2017,"Media",605712.1161,2180999.501,2973.4,0,0,9.9,0.348333333,12.92517007,87.07482993,1
"626",2017,"Media",605712.1003,2181002.157,2991.1,0,0,9.6,0.350366667,0,100,2
"627",2017,"Media",605709.9215,2181016.089,2991.4,0,0,7.2,0.2359,0,100,2
"628",2017,"Media",605719.3568,2181015.591,2991.8,0,0,8.2,0.281366667,0,100,2
"629",2017,"Media",605725.683,2181009.21,2992.5,0,0,6.6,0.278433333,0,100,1
"630",2017,"Media",605728.1738,2181013.32,2992.4,0,0,7.2,0.3289,0,100,1
"631",2017,"Baja",605744.4102,2181032.341,2975.7,0,0,7.4,0.246633333,0,100,2
"632",2017,"Baja",605740.8141,2181037.854,2980.1,0,0,11.5,0.394333333,0,100,2
"633",2017,"Baja",605740.1866,2181037.629,2979.6,0,0,10.8,0.4101,0.900900901,99.0990991,2
"634",2017,"Baja",605738.0893,2181037.837,2979.8,0,0,14.3,0.363833333,0,100,2
"635",2017,"Baja",605731.7927,2181039.239,2979,0,0,6.5,0.477933333,0,100,2
"636",2017,"Baja",605731.3312,2181028.722,2978.7,0,0,8.2,0.355433333,0,100,1
"637",2017,"Baja",605734.5002,2181024.535,2994.3,0,0,6.5,0.2648,0,100,1
"638",2017,"Baja",605724.5153,2181029.346,2993.3,0,0,10.9,0.357333333,0,100,2
"639",2017,"Baja",605728.7053,2181029.703,2974.3,0,0,8.8,0.2186,0,100,1
"640",2017,"Baja",605741.3313,2181021.366,2994.3,0,0,11.2,0.389133333,0,100,2
"641",2017,"Baja",605757.8895,2181056.77,2980,0,0,8.7,0.248966667,0,100,2
"642",2017,"Baja",605732.9572,2181019.656,2992.2,0,0,10.5,0.3246,0,100,2
"643",2017,"Baja",605732.8355,2181040.13,2979.8,0.033333333,0.001333333,11.4,0.3189,1.129943503,98.8700565,2
"644",2017,"Baja",605717.8098,2181011.377,2991.9,0,0,8.6,0.365366667,0,100,2
"645",2017,"Baja",605717.9203,2180992.784,2990.9,0,0,13.1,0.3316,0,100,2
"646",2017,"Baja",605727.9204,2180985.428,2990.7,0,0,9.8,0.348266667,0,100,2
"647",2017,"Baja",605731.0032,2180995.739,2990.9,0,0,10.3,0.339,0,100,2
"648",2017,"Baja",605707.4543,2181007.995,2991,0,0,7.8,0.228666667,0,100,1
